date,kp,sn,tag,PDF_score,eng_v15_3,source,engine_version
24.03.2025,4.3,78.0,Нова одежда,-2,0,NEW,v15.3
25.03.2025,4.0,79.0,Екадаші🥛 ромб,-3,-3,NEW,v15.3
26.03.2025,5.7,46.0,Нова одежда,-2,-2,NEW,v15.3
27.03.2025,4.7,82.0,💊 Трезубець ⚡,-2,-1,NEW,v15.3
28.03.2025,4.0,78.0,День порожні руки ⚡ Амавасья,-3,-3,NEW,v15.3
29.03.2025,3.3,91.0,Амавасья🌑,-2,-3,NEW,v15.3
30.03.2025,2.3,128.0,,2,0,NEW,v15.3
31.03.2025,2.0,141.0,,3,0,NEW,v15.3
01.04.2025,2.3,160.0,Наваратрі ❤ ⚡ Ганеша,-1,-1,NEW,v15.3
02.04.2025,3.7,150.0,Наваратрі ❤ ціль🎯 подорожі✈,3,3,NEW,v15.3
03.04.2025,4.7,164.0,Наваратрі подорожі✈ навчання📚,3,2,NEW,v15.3
04.04.2025,4.7,191.0,Наваратрі навчання📚,0,0,NEW,v15.3
05.04.2025,5.7,187.0,Наваратрі ⚡,-3,-3,NEW,v15.3
06.04.2025,5.0,180.0,Наваратрі ⚡,-1,-3,NEW,v15.3
21.04.2025,5.3,142.0,⚡,0,-3,NEW,v15.3
22.04.2025,3.7,185.0,День порожні руки ⚡,-3,-3,NEW,v15.3
23.04.2025,2.7,166.0,Подорожі✈ лікування💊,0,1,NEW,v15.3
24.04.2025,3.7,202.0,Екадаші🥛,-3,-3,NEW,v15.3
25.04.2025,2.0,203.0,Нова одежда Маха Шиваратрі,-1,3,NEW,v15.3
26.04.2025,2.0,173.0,Трезубець ⚡,-2,1,NEW,v15.3
27.04.2025,2.7,135.0,Амавасья🌑,-3,-3,NEW,v15.3
28.04.2025,2.3,123.0,Удача🟢,1,-1,NEW,v15.3
29.04.2025,2.0,111.0,⭐Акшая нова одежда ❤,3,3,NEW,v15.3
30.04.2025,3.3,88.0,Акшая ⭐ ❤ Ганеша подорожі✈ ⚡,3,3,NEW,v15.3
01.05.2025,4.7,62.0,Навчання📚 подорожі✈ ⚡,-2,-2,NEW,v15.3
02.05.2025,5.0,42.0,Навчання📚 ❤ нова одежда,3,3,NEW,v15.3
03.05.2025,5.3,57.0,Трикутник▲ подорожі✈ навчання📚,1,-1,NEW,v15.3
04.05.2025,4.7,75.0,,0,-1,NEW,v15.3
26.05.2025,3.0,108.0,Амавасья🌑 ⚡,-3,-3,NEW,v15.3
27.05.2025,4.3,102.0,Удача🟢 ціль🎯,3,0,NEW,v15.3
28.05.2025,4.3,107.0,Навчання📚 подорожі✈ ❤,3,3,NEW,v15.3
29.05.2025,6.3,98.0,Навчання📚 ⚡,-3,-3,NEW,v15.3
30.05.2025,4.7,115.0,⚡ Ганеша,-3,-3,NEW,v15.3
31.05.2025,4.0,114.0,Подорожі✈ навчання📚,2,0,NEW,v15.3
01.06.2025,7.7,124.0,,-2,-3,NEW,v15.3
02.06.2025,7.0,106.0,,-1,-2,NEW,v15.3
03.06.2025,7.0,93.0,День порожні руки ⚡,-3,-3,NEW,v15.3
04.06.2025,5.3,94.0,День порожні руки ⚡,-3,-3,NEW,v15.3
05.06.2025,3.7,87.0,Рука🖐 нова одежда,1,1,NEW,v15.3
06.06.2025,2.3,97.0,Нова одежда,-2,1,NEW,v15.3
07.06.2025,4.3,86.0,❤ навчання📚,3,2,NEW,v15.3
08.06.2025,4.0,60.0,Маха Шиваратрі реклама📢,3,2,NEW,v15.3
09.06.2025,4.0,89.0,День порожні руки ⚡,-3,-3,NEW,v15.3
10.06.2025,2.7,113.0,Повний місяць🌕,-3,0,NEW,v15.3
11.06.2025,4.7,145.0,,-3,-1,NEW,v15.3
12.06.2025,5.3,142.0,Подорожі✈,1,-1,NEW,v15.3
13.06.2025,6.7,152.0,Сурья☀ ⚡,-3,-3,NEW,v15.3
14.06.2025,5.3,154.0,Сурья☀ Ганеша,-3,-3,NEW,v15.3
15.06.2025,3.0,151.0,Сурья☀ ⚡,-3,-3,NEW,v15.3
16.06.2025,3.7,127.0,,-2,-1,CSV169,v15.3
17.06.2025,2.3,117.0,Лікування💊,0,0,CSV169,v15.3
18.06.2025,3.3,133.0,,0,-1,CSV169,v15.3
19.06.2025,4.3,131.0,День порожні руки ⚡,-3,-3,CSV169,v15.3
20.06.2025,3.0,113.0,,3,0,NEW,v15.3
21.06.2025,3.3,95.0,Нова одежда,3,0,NEW,v15.3
22.06.2025,3.3,99.0,Реклама📢 ❤,1,-1,CSV169,v15.3
30.06.2025,3.0,150.0,,0,0,NEW,v15.3
01.07.2025,3.3,147.0,Трикутник▲,-3,-1,NEW,v15.3
02.07.2025,2.3,137.0,Нова одежда рука🖐 ❤,3,3,NEW,v15.3
03.07.2025,4.0,116.0,День порожні руки ⚡,-3,-3,NEW,v15.3
04.07.2025,3.7,100.0,Подорожі✈ лікування💊,1,0,NEW,v15.3
05.07.2025,4.0,76.0,Подорожі✈,3,0,NEW,v15.3
06.07.2025,5.0,87.0,Нова одежда,-3,0,NEW,v15.3
07.07.2025,5.0,93.0,Нова одежда Маха Шиваратрі,3,1,NEW,v15.3
08.07.2025,3.3,84.0,Подорожі✈,1,0,NEW,v15.3
09.07.2025,2.7,81.0,День порожні руки ⚡,-3,-3,NEW,v15.3
10.07.2025,1.0,75.0,Повний місяць🌕 Гуру Пурніма,-2,0,NEW,v15.3
11.07.2025,4.3,93.0,,-2,-1,NEW,v15.3
12.07.2025,3.0,113.0,❤ навчання📚,3,3,NEW,v15.3
13.07.2025,4.3,126.0,Подорожі✈ Ганеша Sa_retro,3,-1,NEW,v15.3
18.08.2025,3.0,64.0,Подорожі✈ ❤,3,3,NEW,v15.3
19.08.2025,4.7,36.0,Екадаші🥛,-3,-3,NEW,v15.3
20.08.2025,4.0,60.0,Подорожі✈ Маха Шиваратрі,1,1,NEW,v15.3
21.08.2025,2.7,67.0,Ціль🎯 трезубець ⚡,3,2,NEW,v15.3
22.08.2025,3.0,56.0,Амавасья🌑,-3,-3,NEW,v15.3
23.08.2025,2.0,72.0,Удача🟢,2,1,NEW,v15.3
24.08.2025,1.7,100.0,,0,0,NEW,v15.3
25.08.2025,3.0,137.0,Нова одежда,1,1,NEW,v15.3
26.08.2025,2.7,183.0,Рука🖐 Ганеша ⚡,-2,-3,NEW,v15.3
27.08.2025,2.7,198.0,Нова одежда ⚡,-3,-2,NEW,v15.3
28.08.2025,2.0,204.0,Реклама📢 навчання📚,3,2,NEW,v15.3
29.08.2025,2.0,197.0,Нова одежда,0,2,NEW,v15.3
30.08.2025,2.3,181.0,Трикутник▲ подорожі✈,0,1,NEW,v15.3
31.08.2025,2.3,187.0,,-2,-1,NEW,v15.3
01.09.2025,5.7,176.0,⚡,-3,-3,NEW,v15.3
02.09.2025,5.3,162.0,Подорожі✈,1,-1,NEW,v15.3
03.09.2025,4.3,146.0,Екадаші🥛,-3,-3,NEW,v15.3
04.09.2025,3.0,157.0,Нова одежда,-2,1,NEW,v15.3
05.09.2025,3.0,138.0,Подорожі✈ Маха Шиваратрі,-2,2,NEW,v15.3
06.09.2025,5.0,111.0,День порожні руки ⚡,-3,-3,NEW,v15.3
07.09.2025,2.0,92.0,Амавасья🌑 (лунне затемнення),-3,-3,NEW,v15.3
15.09.2025,6.7,79.0,⚡,-3,-3,NEW,v15.3
16.09.2025,4.3,117.0,Сурья☀,-3,-3,NEW,v15.3
17.09.2025,3.0,126.0,Сурья☀ Екадаші🥛,-3,-3,NEW,v15.3
18.09.2025,2.3,127.0,,-2,0,NEW,v15.3
19.09.2025,1.0,138.0,Маха Шиваратрі,0,1,NEW,v15.3
20.09.2025,1.7,153.0,⚡ трезубець,-3,-3,NEW,v15.3
21.09.2025,1.7,164.0,Амавасья🌑 (сонячне затемнення),-3,-3,NEW,v15.3
22.09.2025,3.3,161.0,Нова одежда ⚡,2,-3,NEW,v15.3
23.09.2025,3.7,186.0,Ромб💎 Наваратрі,0,2,NEW,v15.3
24.09.2025,2.3,144.0,Нова одежда Наваратрі,3,3,NEW,v15.3
25.09.2025,2.3,152.0,Ганеша ⚡ Наваратрі,0,4,NEW,v15.3
26.09.2025,2.3,142.0,Подорожі✈ Наваратрі,3,3,NEW,v15.3
27.09.2025,2.3,138.0,Наваратрі,1,1,NEW,v15.3
28.09.2025,3.0,155.0,Наваратрі,-1,1,NEW,v15.3
29.09.2025,5.3,178.0,Подорожі✈ Наваратрі,1,0,NEW,v15.3
30.09.2025,7.0,179.0,⚡ Наваратрі,-3,-3,NEW,v15.3
01.10.2025,6.3,167.0,⚡ Наваратрі,-2,-3,NEW,v15.3
02.10.2025,6.7,169.0,Навчання📚 нова одежда подорожі✈ Наваратрі,3,2,NEW,v15.3
03.10.2025,5.0,173.0,Нова одежда Наваратрі,-3,2,NEW,v15.3
04.10.2025,4.0,154.0,Подорожі✈ лікування💊 Маха Шиваратрі,2,1,NEW,v15.3
05.10.2025,3.3,148.0,⚡,-3,-3,NEW,v15.3
06.10.2025,2.0,146.0,Повний місяць🌕 ⚡,-3,-2,CSV169,v15.3
07.10.2025,4.0,124.0,,0,-1,CSV169,v15.3
08.10.2025,3.7,77.0,❤ нова одежда навчання📚,3,3,NEW,v15.3
09.10.2025,2.0,61.0,⚡,-3,-2,CSV169,v15.3
10.10.2025,3.3,79.0,Ганеша ⚡,-2,-3,CSV169,v15.3
11.10.2025,4.3,106.0,Подорожі✈ Удача🟢 ціль🎯,3,1,CSV169,v15.3
12.10.2025,5.0,128.0,Навчання📚,0,-1,CSV169,v15.3
13.10.2025,4.7,128.0,Нова одежда,1,0,NEW,v15.3
14.10.2025,2.3,126.0,День порожні руки ⚡,-3,-3,CSV169,v15.3
15.10.2025,3.7,122.0,Навчання📚 нова одежда,3,1,CSV169,v15.3
16.10.2025,1.3,134.0,Сурья☀,-2,-3,CSV169,v15.3
17.10.2025,3.7,119.0,Сурья☀ Екадаші🥛 Діпавалі🪔,-2,-3,CSV169,v15.3
18.10.2025,6.3,114.0,Маха Шиваратрі 🕉 Діпавалі🪔,3,-2,CSV169,v15.3
19.10.2025,5.0,105.0,⚡ Діпавалі🪔,-2,-3,CSV169,v15.3
20.10.2025,2.7,110.0,⚡ Трезубець Діпавалі🪔,-2,-3,CSV169,v15.3
21.10.2025,3.0,122.0,Амавасья🌑 Діпавалі🪔,-3,-3,CSV169,v15.3
22.10.2025,1.3,110.0,Реклама📢 нова одежда,3,3,NEW,v15.3
23.10.2025,2.3,100.0,Нова одежда,3,1,CSV169,v15.3
24.10.2025,3.0,101.0,❤,3,3,CSV169,v15.3
25.10.2025,3.7,100.0,Ганеша ⚡,-2,-3,CSV169,v15.3
26.10.2025,1.3,103.0,,-2,0,CSV169,v15.3
27.10.2025,3.0,98.0,❤,3,3,CSV169,v15.3
28.10.2025,4.0,114.0,,-3,-1,CSV169,v15.3
29.10.2025,4.3,100.0,,-3,-1,CSV169,v15.3
30.10.2025,5.3,70.0,День порожні руки ⚡,-3,-3,CSV169,v15.3
31.10.2025,4.7,44.0,Подорожі✈ навчання📚,2,0,CSV169,v15.3
02.11.2025,4.3,41.0,Трикутник▲,1,-1,CSV169,v15.3
03.11.2025,4.3,72.0,Нова одежда Маха Шиваратрі,2,1,CSV169,v15.3
04.11.2025,3.0,84.0,Лікування💊 ⚡,1,-3,CSV169,v15.3
05.11.2025,5.7,78.0,Повний місяць🌕,-3,-3,CSV169,v15.3
06.11.2025,6.7,109.0,Подорожі✈ ціль🎯,1,0,CSV169,v15.3
07.11.2025,5.3,131.0,Ганеша ⚡,2,-3,CSV169,v15.3
08.11.2025,6.0,143.0,,-3,-2,CSV169,v15.3
09.11.2025,3.0,154.0,Навчання📚 лікування💊 Ме_retro,0,-1,CSV169,v15.3
10.11.2025,4.3,152.0,Нова одежда ❤ подорожі✈,3,3,NEW,v15.3
11.11.2025,2.7,151.0,Юп_retro,3,-1,NEW,v15.3
12.11.2025,8.7,137.0,⚡,-3,-3,CSV169,v15.3
13.11.2025,7.3,127.0,⚡,-3,-3,CSV169,v15.3
14.11.2025,1.3,103.0,День порожні руки,0,-2,CSV169,v15.3
15.11.2025,3.3,100.0,Сурья☀ Екадаші🥛,-3,-3,CSV169,v15.3
16.11.2025,3.7,71.0,Сурья☀,-2,-3,NEW,v15.3
16.11.2025,3.7,71.0,Сурья☀,-2,-3,NEW_S3,v14.9
17.11.2025,3.7,57.0,Маха Шиваратрі,1,0,CSV169,v15.3
18.11.2025,2.3,62.0,⚡ трезубець,-2,-3,CSV169,v15.3
19.11.2025,1.0,54.0,Амавасья🌑,-3,-3,CSV169,v15.3
20.11.2025,3.0,59.0,Удача🟢 нова одежда,1,2,NEW,v15.3
21.11.2025,2.7,65.0,,1,0,CSV169,v15.3
22.11.2025,2.3,61.0,Подорожі✈,2,1,CSV169,v15.3
23.11.2025,3.7,80.0,❤,1,1,CSV169,v15.3
24.11.2025,4.7,102.0,Ганеша ⚡,-3,-3,CSV169,v15.3
25.11.2025,4.7,99.0,,-3,-1,CSV169,v15.3
26.11.2025,4.3,82.0,,-3,-1,CSV169,v15.3
27.11.2025,4.3,90.0,Нова одежда,-2,0,CSV169,v15.3
28.11.2025,4.0,83.0,Sa_retro_end лікування💊,1,-3,CSV169,v15.3
29.11.2025,4.0,84.0,Ме_retro_end ⚡,-3,-3,CSV169,v15.3
30.11.2025,4.0,102.0,,3,-1,NEW,v15.3
01.12.2025,3.7,156.0,Нова одежда Екадаші🥛 навчання📚,-2,-3,CSV169,v15.3
02.12.2025,2.7,180.0,Удача🟢 подорожі✈,3,1,NEW,v15.3
03.12.2025,6.7,186.0,День порожні руки ⚡,-3,-3,CSV169,v15.3
04.12.2025,5.0,186.0,Повний місяць🌕 ціль🎯,-3,-2,CSV169,v15.3
05.12.2025,3.3,176.0,Подорожі✈,2,0,CSV169,v15.3
06.12.2025,4.0,171.0,Навчання📚,1,-1,CSV169,v15.3
07.12.2025,3.3,161.0,Ганеша ⚡,-3,-3,CSV169,v15.3
08.12.2025,1.0,164.0,Навчання📚 подорожі✈,2,2,CSV169,v15.3
09.12.2025,1.3,155.0,❤,3,3,CSV169,v15.3
10.12.2025,6.0,132.0,,0,-2,CSV169,v15.3
11.12.2025,6.0,121.0,,0,-2,CSV169,v15.3
12.12.2025,5.0,98.0,Лікування💊 ⚡,-3,-3,CSV169,v15.3
13.12.2025,4.7,86.0,⚡,-3,-3,CSV169,v15.3
14.12.2025,2.7,71.0,Стрижка Нова одежда,1,2,NEW,v15.3
15.12.2025,3.0,77.0,Сурья☀ Екадаші🥛,-1,-3,NEW,v15.3
16.12.2025,3.0,78.0,Сурья☀ трикутник▲,-3,-3,CSV169,v15.3
17.12.2025,4.7,82.0,Трезубець ⚡,3,0,CSV169,v15.3
18.12.2025,4.3,67.0,Амавасья🌑,-3,-3,CSV169,v15.3
19.12.2025,2.3,50.0,Удача🟢,-3,-1,CSV169,v15.3
20.12.2025,2.0,59.0,,1,0,CSV169,v15.3
21.12.2025,4.7,68.0,Трикутник▲ ❤,0,1,CSV169,v15.3
22.12.2025,4.7,82.0,⚡ Ганеша,-2,-3,CSV169,v15.3
23.12.2025,4.0,110.0,❤,-3,1,CSV169,v15.3
24.12.2025,4.3,131.0,Подорожі✈ стрижка ⚡,-1,-2,NEW,v15.3
25.12.2025,3.0,128.0,Лікування💊 навчання📚,1,0,CSV169,v15.3
26.12.2025,3.3,126.0,,-3,-1,CSV169,v15.3
27.12.2025,2.7,150.0,⚡,-2,-3,CSV169,v15.3
28.12.2025,2.7,162.0,⚡,-3,-3,CSV169,v15.3
29.12.2025,3.0,145.0,Подорожі✈ лікування💊 навчання📚,3,1,NEW,v15.3
30.12.2025,3.0,143.0,Екадаші🥛,-3,-3,CSV169,v15.3
31.12.2025,3.3,143.0,❤ ціль🎯,3,2,CSV169,v15.3
01.01.2026,3.0,122.0,✈ ✂ 🎯 📚 ⊕ Маха Шиваратрі,3,3,CSV169,v15.3
02.01.2026,5.0,113.0,⊕ ⚡ Повний місяць🌕,-3,-3,CSV169,v15.3
03.01.2026,3.0,110.0,⊕ 🌕 (повний),-3,1,CSV169,v15.3
04.01.2026,3.0,113.0,✂ ✈ 📚 ▲ ❤ нова одежда,3,3,CSV169,v15.3
05.01.2026,4.3,101.0,❤ ✈,3,3,CSV169,v15.3
06.01.2026,2.3,109.0,⚡ лікування💊 Ганеша,1,-3,CSV169,v15.3
07.01.2026,2.3,118.0,,0,0,CSV169,v15.3
08.01.2026,4.0,76.0,Нова одежда,1,0,CSV169,v15.3
09.01.2026,3.3,61.0,Рука🖐 ⊕ ✂ ✈,3,3,NEW,v15.3
10.01.2026,5.7,62.0,Рука🖐 ⊕,2,0,CSV169,v15.3
11.01.2026,5.3,62.0,⚡,-3,-3,CSV169,v15.3
12.01.2026,4.3,57.0,⚡ 📚 реклама📢 нова одежда,1,-1,NEW,v15.3
13.01.2026,3.3,49.0,Сурья☀,-3,-3,CSV169,v15.3
14.01.2026,2.7,62.0,Екадаші🥛 💊 Сурья☀,-3,-3,CSV169,v15.3
15.01.2026,3.0,94.0,Маха Шиваратрі🕉,1,1,CSV169,v15.3
16.01.2026,5.0,134.0,✈,2,0,CSV169,v15.3
17.01.2026,5.0,132.0,⚡ Трезубець,-3,-3,CSV169,v15.3
18.01.2026,3.7,138.0,Амавасья🌑,-3,-3,CSV169,v15.3
19.01.2026,8.7,161.0,Удача🟢 ❤,3,-1,CSV169,v15.3
20.01.2026,7.7,166.0,✈ ⊕,2,-1,CSV169,v15.3
21.01.2026,7.3,162.0,💎 ✂ 📚,3,-1,CSV169,v15.3
22.01.2026,5.3,186.0,⚡ Ганеша,-3,-3,CSV169,v15.3
23.01.2026,4.3,165.0,✈ нова одежда,3,1,CSV169,v15.3
24.01.2026,4.3,154.0,⊕ нова одежда,1,1,CSV169,v15.3
25.01.2026,3.3,149.0,✂ ❤ ⊕ Удача🟢 ✈,3,3,NEW,v15.3
26.01.2026,3.3,130.0,⚡,-3,-3,CSV169,v15.3
27.01.2026,3.0,98.0,⚡ ❤,0,2,CSV169,v15.3
28.01.2026,5.0,119.0,💊 нова одежда ✈ ❤ 🎯 📚,3,3,CSV169,v15.3
29.01.2026,4.3,93.0,⊕ ✂ ✈ 🥛,0,2,CSV169,v15.3
30.01.2026,3.7,85.0,❤ 📚 нова одежда,3,3,CSV169,v15.3
31.01.2026,2.0,108.0,⚡,-3,-2,CSV169,v15.3
01.02.2026,1.3,103.0,❤ 🌕 нова одежда ⊕,3,3,CSV169,v15.3
02.02.2026,2.7,134.0,,0,0,CSV169,v15.3
03.02.2026,2.0,168.0,,0,0,CSV169,v15.3
04.02.2026,3.7,148.0,,-2,-1,CSV169,v15.3
05.02.2026,5.3,140.0,💊 ⚡ Ганеша,-2,-3,CSV169,v15.3
06.02.2026,4.3,141.0,📚 нова одежда Рука🖐 ✈ ⊕ ✂,3,3,NEW,v15.3
07.02.2026,3.7,141.0,❤ ⊕,3,3,CSV169,v15.3
08.02.2026,2.7,144.0,Реклама📢 ⊕ 📚,3,3,CSV169,v15.3
09.02.2026,2.3,119.0,Нова одежда,0,1,CSV169,v15.3
10.02.2026,4.3,114.0,⚡,-3,-3,CSV169,v15.3
11.02.2026,4.0,92.0,,-2,-1,CSV169,v15.3
12.02.2026,2.3,81.0,Сурья☀,-3,-3,CSV169,v15.3
13.02.2026,4.3,67.0,Сурья☀ Екадаші🥛,-3,-3,NEW,v15.3
14.02.2026,4.7,77.0,Маха Шиваратрі🕉,-2,0,CSV169,v15.3
15.02.2026,5.3,72.0,Трезубець ⚡ ❤,1,3,CSV169,v15.3
16.02.2026,5.7,76.0,Амавасья🌑,-3,-3,CSV169,v15.3
17.02.2026,3.0,67.0,Удача🟢 ✂ (сонячне затемнення),-3,-3,CSV169,v15.3
18.02.2026,3.3,43.0,Удача🟢 ⊕,-3,0,CSV169,v15.3
19.02.2026,3.0,42.0,📚,1,0,CSV169,v15.3
20.02.2026,3.7,35.0,⊕ Ганеша ⚡,1,-3,CSV169,v15.3
21.02.2026,4.3,15.0,⚡,-3,-3,CSV169,v15.3
22.02.2026,5.3,4.0,Нова одежда ❤ ✈ ✂,3,3,NEW,v15.3
23.02.2026,5.0,8.0,,-2,-1,CSV169,v15.3
23.02.2026,5.0,8.0,,-2,-2,NEW_S3,v14.9
24.02.2026,3.7,6.0,✈ 🎯,2,1,CSV169,v15.3
25.02.2026,3.7,15.0,⚡,-3,-3,CSV169,v15.3
26.02.2026,4.0,34.0,📚 нова одежда Ме_ретро,0,0,CSV169,v15.3
28.02.2026,2.7,58.0,Маха Шиваратрі🕉 ⊕,1,2,CSV169,v15.3
01.03.2026,2.7,0.0,⚡ лікування💊,-3,-3,CSV169,v15.3
02.03.2026,1.7,0.0,⚡,-3,-2,CSV169,v15.3
04.03.2026,3.0,0.0,Нова одежда 📚,0,2,CSV169,v15.3
06.03.2026,3.3,0.0,✈ ✂ Ганеша Юп_ретро_end,1,2,CSV169,v15.3
07.03.2026,4.0,0.0,⚡ ❤ реклама📢,1,2,CSV169,v15.3
09.03.2026,2.7,0.0,❤ ✈ ⊕,3,3,NEW_S3,v14.9
10.03.2026,2.4,0.0,⊕,-3,1,CSV169,v15.3
11.03.2026,2.1,0.0,Юп_ретро_end ⊕,1,2,CSV169,v15.3
12.03.2026,1.3,0.0,⚡ лікування💊,-3,-3,CSV169,v15.3
13.03.2026,1.3,0.0,Сурья☀,-2,-3,CSV169,v15.3
13.03.2026,1.3,0.0,Сурья☀,-2,-3,NEW_S3,v14.9
14.03.2026,3.0,0.0,Сурья☀ Екадаші🥛,-3,-3,CSV169,v15.3
14.03.2026,3.0,0.0,Сурья☀ Екадаші🥛,-3,-2,NEW_S3,v14.9
15.03.2026,3.0,0.0,Сурья☀,-3,-3,NEW_S3,v14.9
16.03.2026,2.4,0.0,💎 ✈ ⊕ 📚 Маха Ш.,3,3,CSV169,v15.3
17.03.2026,2.4,0.0,⚡ Трезубець,-3,-3,CSV169,v15.3
18.03.2026,2.4,0.0,Амавасья🌑,-3,-3,CSV169,v15.3
19.03.2026,2.7,0.0,Удача🟢 ✂ Місячний нов.рік,3,1,CSV169,v15.3
21.03.2026,4.5,0.0,⊕ Наваратрі,1,3,CSV169,v15.3
22.03.2026,3.8,0.0,⚡ Ганеша Наваратрі,3,4,CSV169,v15.3
23.03.2026,3.0,0.0,Нова одежда ❤ 🎯 Наваратрі,3,3,CSV169,v15.3
24.03.2026,3.0,0.0,✈ 💊 Наваратрі,3,3,CSV169,v15.3
26.03.2026,2.4,0.0,⚡ лікування💊 Наваратрі,1,-3,CSV169,v15.3
28.03.2026,2.1,0.0,Екадаші🥛,-3,-3,CSV169,v15.3
28.03.2026,2.1,0.0,Екадаші🥛,-3,-3,NEW_S3,v14.9
29.03.2026,2.4,0.0,Маха Шиваратрі🕉,0,1,CSV169,v15.3
30.03.2026,2.7,0.0,Маха Шиваратрі🕉,1,1,CSV169,v15.3
31.03.2026,2.1,0.0,⚡,-3,-3,CSV169,v15.3
01.04.2026,1.3,0.0,🌕 нова одежда ❤ ✈ Рука🖐,3,3,CSV169,v15.3
02.04.2026,2.1,0.0,📚 Рука🖐 ✈ нова одежда ✂,3,3,CSV169,v15.3
03.04.2026,1.3,0.0,⊕ нова одежда ✈ реклама📢,3,3,CSV169,v15.3
04.04.2026,2.1,0.0,⊕ реклама📢 ❤,3,2,CSV169,v15.3
05.04.2026,2.4,0.0,⚡ Ганеша,-3,-3,CSV169,v15.3
07.04.2026,2.4,0.0,,1,0,CSV169,v15.3
08.04.2026,3.0,0.0,✈,2,1,CSV169,v15.3
09.04.2026,2.4,0.0,,-3,0,CSV169,v15.3
10.04.2026,3.0,0.0,Нова одежда,-3,1,CSV169,v15.3
11.04.2026,3.0,0.0,⚡,-3,-3,CSV169,v15.3
12.04.2026,2.4,0.0,✂ ✈ ⊕,3,3,CSV169,v15.3
13.04.2026,2.4,0.0,Екадаші🥛 Сурья☀,-3,-3,CSV169,v15.3
13.04.2026,2.4,0.0,Екадаші🥛 Сурья☀,-3,-2,NEW_S3,v14.9
15.04.2026,2.7,0.0,Маха Шиваратрі🕉,1,1,CSV169,v15.3
16.04.2026,3.0,0.0,⚡ Трезубець,-2,-3,CSV169,v15.3
17.04.2026,4.5,0.0,Амавасья🌑 (затемнення),-2,-3,NEW_S3,v14.9
18.04.2026,3.8,0.0,Удача🟢,-2,-1,CSV169,v15.3
18.04.2026,3.8,0.0,Удача🟢,-2,-1,NEW_S3,v14.9
19.04.2026,3.0,0.0,⭐Акшая ✈,3,3,CSV169,v15.3
